Penyakit,Fitness (gbest iterasi akhir),G1,G2,G3,G4,G5,G6,G7,G8,G9,G10,G11,G12,G13,G14,G15,G16,G17,G18,G19,G20,G21,G22,G23,G24,G25,G26,G27,G28,G29,G30,G31
P02,0.00129,0.0,0.8000000002912888,0.0,0.0,0.0,0.0,0.0,0.0,0.0,0.5999999994083858,1.0,1.0,1.0,0.0,0.0,0.0,0.0,0.0,0.0,0.0,0.0,0.0,0.0,0.0,0.0,0.0,0.0,0.6000000014429704,0.0,0.0,0.0
